Date,Strategy_Equity,Benchmark_Equity
2022-01-03,10000.0,10000.0
2022-01-04,10000.0,9996.650772830944
2022-01-05,10000.0,9804.693820007114
2022-01-06,10000.0,9795.48463344294
2022-01-07,10000.0,9756.755672282501
2022-01-10,10000.0,9744.61616654913
2022-01-11,10000.0,9833.374420717113
2022-01-12,10000.0,9859.956407768172
2022-01-13,10000.0,9724.101895534937
2022-01-14,10000.0,9728.077787345597
2022-01-18,10000.0,9555.796610592968
2022-01-19,10000.0,9456.575161634328
2022-01-20,10000.0,9351.907229734239
2022-01-21,10000.0,9168.324363247959
2022-01-24,10000.0,9207.259723163597
2022-01-25,10000.0,9094.849122170479
2022-01-26,10000.0,9072.031196628694
2022-01-27,10000.0,9027.235877317939
2022-01-28,10000.0,9251.43041466257
2022-01-31,10000.0,9418.05667288873
2022-02-01,10000.0,9481.696062760431
2022-02-02,10000.0,9573.801507267646
2022-02-03,10000.0,9348.769153923298
2022-02-04,10000.0,9392.728015120882
2022-02-07,10000.0,9362.58497059938
2022-02-08,10000.0,9439.61855337421
2022-02-09,10000.0,9577.778756964855
2022-02-10,10000.0,9405.706015797245
2022-02-11,10000.0,9220.23772383996
2022-02-14,10000.0,9190.094000375184
2022-02-15,10000.0,9338.303243359545
2022-02-16,10000.0,9348.769153923298
2022-02-17,10000.0,9149.06613729007
2022-02-18,10000.0,9089.824263001985
2022-02-22,10000.0,8992.276409212962
2022-02-23,10000.0,8832.765476494951
2022-02-24,10000.0,8965.688990615714
2022-02-25,10000.0,9163.509976494306
2022-02-28,10000.0,9140.064707367641
2022-03-01,10000.0,9000.859610078805
2022-03-02,10000.0,9166.442332493323
2022-03-03,10000.0,9120.806481409752
2022-03-04,10000.0,9046.703896747395
2022-03-07,10000.0,8780.013620959957
2022-03-08,10000.0,8713.44730663543
2022-03-09,10000.0,8947.0608240158
2022-03-10,10000.0,8906.660983458838
2022-03-11,10000.0,8793.412566466
2022-03-14,10000.0,8729.145833009421
2022-03-15,10000.0,8921.102106889977
2022-03-16,10000.0,9118.921734882022
2022-03-17,10000.0,9233.010004704398
2022-03-18,10000.0,9334.135210602433
2022-03-21,10019.051071166992,9331.405858642245
2022-03-22,10004.813674926758,9440.59691063158
2022-03-23,9895.948181152344,9319.017180727435
2022-03-24,10115.476051330566,9459.495975597692
2022-03-25,10079.965476989746,9505.691954882048
2022-03-28,10209.18463897705,9573.305878677862
2022-03-29,10361.182632446289,9691.734632848866
2022-03-30,10253.605842590332,9631.891893763574
2022-03-31,10099.23307800293,9483.641914182794
2022-04-01,10065.642768859863,9510.521957330995
2022-04-04,10257.447402954102,9591.99175545604
2022-04-05,10044.346397399902,9470.83364932485
2022-04-06,9750.630271911621,9376.131925739086
2022-04-07,9763.670043945312,9423.376872381274
2022-04-08,9672.801879882812,9398.179250665245
2022-04-11,9455.001007080078,9237.54330894275
2022-04-12,9455.001007080078,9203.317099573345
2022-04-13,9455.001007080078,9308.72779541484
2022-04-14,9455.001007080078,9192.817920789183
2022-04-18,9455.001007080078,9196.59759799375
2022-04-19,9455.001007080078,9345.05601315955
2022-04-20,9455.001007080078,9338.126039165116
2022-04-21,9455.001007080078,9198.486418181124
2022-04-22,9455.001007080078,8946.088577247892
2022-04-25,9455.001007080078,8997.955769697282
2022-04-26,9455.001007080078,8737.365799223846
2022-04-27,9455.001007080078,8761.9333615819
2022-04-28,9455.001007080078,8983.254610992322
2022-04-29,9455.001007080078,8651.272397405051
2022-05-02,9455.001007080078,8703.348704382735
2022-05-03,9455.001007080078,8743.244769030627
2022-05-04,9455.001007080078,9009.502557952732
2022-05-05,9455.001007080078,8689.27964186557
2022-05-06,9455.001007080078,8637.413807302728
2022-05-09,9455.001007080078,8360.866633068028
2022-05-10,9455.001007080078,8380.184606034
2022-05-11,9455.001007080078,8247.057408931132
2022-05-12,9455.001007080078,8238.447050334344
2022-05-13,9455.001007080078,8435.411209801552
2022-05-16,9455.001007080078,8401.184321488874
2022-05-17,9455.001007080078,8574.000505541162
2022-05-18,9455.001007080078,8228.36881637986
2022-05-19,9455.001007080078,8177.974251891078
2022-05-20,9455.001007080078,8181.543456680806
2022-05-23,9455.001007080078,8334.619365050894
2022-05-24,9455.001007080078,8270.995590874487
2022-05-25,9455.001007080078,8344.069576477223
2022-05-26,9455.001007080078,8510.794960421343
2022-05-27,9455.001007080078,8719.726174030407
2022-05-31,9455.001007080078,8670.800842785866
2022-06-01,9455.001007080078,8600.668039444703
2022-06-02,9455.001007080078,8764.45427795707
2022-06-03,9455.001007080078,8620.618108598472
2022-06-06,9455.001007080078,8646.863339785785
2022-06-07,9455.001007080078,8729.805086928163
2022-06-08,9455.001007080078,8634.894927757381
2022-06-09,9455.001007080078,8429.53223999477
2022-06-10,9455.001007080078,8185.110624640713
2022-06-13,9455.001007080078,7874.339277866429
2022-06-14,9455.001007080078,7850.609531508095
2022-06-15,9455.001007080078,7962.53061440089
2022-06-16,9455.001007080078,7699.002177438973
2022-06-17,9455.001007080078,7715.60030365059
2022-06-21,9455.001007080078,7909.829000668149
2022-06-22,9455.001007080078,7895.48971872806
2022-06-23,9455.001007080078,7972.885857211033
2022-06-24,9455.001007080078,8226.37543892834
2022-06-27,9455.001007080078,8194.95190739268
2022-06-28,9455.001007080078,8027.504806748642
2022-06-29,9455.001007080078,8020.9672619663925
2022-06-30,9455.001007080078,7955.803644445284
2022-07-01,9455.001007080078,8039.949158011895
2022-07-05,9455.001007080078,8055.130329611345
2022-07-06,9455.001007080078,8082.33762341746
2022-07-07,9455.001007080078,8203.387098624862
2022-07-08,9455.001007080078,8196.639081427773
2022-07-11,9455.001007080078,8103.0039777249585
2022-07-12,9455.001007080078,8031.3028154216
2022-07-13,9455.001007080078,7989.1241434876
2022-07-14,9455.001007080078,7969.7226604989655
2022-07-15,9455.001007080078,8121.983157997365
2022-07-18,9455.001007080078,8054.920536139778
2022-07-19,9455.001007080078,8272.558518290494
2022-07-20,9455.001007080078,8325.280500321447
2022-07-21,9455.001007080078,8410.0594679624
2022-07-22,9455.001007080078,8332.02919646181
2022-07-25,9455.001007080078,8342.154277502177
2022-07-26,9455.001007080078,8243.456972750815
2022-07-27,9455.001007080078,8457.508776529963
2022-07-28,9455.001007080078,8563.586873609482
2022-07-29,9455.001007080078,8688.43232066002
2022-08-01,9455.001007080078,8662.70444424725
2022-08-02,9455.001007080078,8605.55507312864
2022-08-03,9455.001007080078,8740.313770918157
2022-08-04,9455.001007080078,8734.40764338043
2022-08-05,9455.001007080078,8719.644700837565
2022-08-08,9455.001007080078,8709.52165662702
2022-08-09,9455.001007080078,8674.936965209114
2022-08-10,9455.001007080078,8857.144971566197
2022-08-11,9455.001007080078,8857.144971566197
2022-08-12,9455.001007080078,9007.087556728256
2022-08-15,9455.001007080078,9044.202669727163
2022-08-16,9455.001007080078,9061.91765762398
2022-08-17,9291.702383041382,8997.596608705506
2022-08-18,9386.35142326355,9023.747466777779
2022-08-19,9097.106342315674,8902.485482325716
2022-08-22,8936.846025466919,8717.11495819984
2022-08-23,8936.846025466919,8696.024943289567
2022-08-24,8936.846025466919,8723.863654340203
2022-08-25,8936.846025466919,8847.022606298924
2022-08-26,8936.846025466919,8547.559059747755
2022-08-29,8936.846025466919,8491.041784816942
2022-08-30,8936.846025466919,8397.826947000534
2022-08-31,8936.846025466919,8333.928879741563
2022-09-01,8936.846025466919,8360.077700984013
2022-09-02,8936.846025466919,8271.9264221027
2022-09-06,8936.846025466919,8240.715399811703
2022-09-07,8936.846025466919,8388.760338523833
2022-09-08,8936.846025466919,8443.589760476281
2022-09-09,8936.846025466919,8574.76227989423
2022-09-12,8936.846025466919,8666.923397749888
2022-09-13,8936.846025466919,8290.063033772472
2022-09-14,8936.846025466919,8321.697037722972
2022-09-15,8936.846025466919,8227.218007530975
2022-09-16,8936.846025466919,8164.454454482319
2022-09-19,8936.846025466919,8227.767951582655
2022-09-20,8936.846025466919,8133.325584327437
2022-09-21,8936.846025466919,7991.449524199949
2022-09-22,8936.846025466919,7924.321044844814
2022-09-23,8936.846025466919,7791.551650847176
2022-09-26,8936.846025466919,7714.4718999297365
2022-09-27,8936.846025466919,7694.779150276694
2022-09-28,8936.846025466919,7846.184179250258
2022-09-29,8936.846025466919,7682.28659404101
2022-09-30,8936.846025466919,7563.490531558948
2022-10-03,8936.846025466919,7763.1752167237855
2022-10-04,8936.846025466919,8003.729571190971
2022-10-05,8936.846025466919,7985.095973044867
2022-10-06,8936.846025466919,7902.723859309104
2022-10-07,8936.846025466919,7682.28659404101
2022-10-10,8936.846025466919,7623.628610968289
2022-10-11,8936.846025466919,7575.348275833741
2022-10-12,8936.846025466919,7550.361805475827
2022-10-13,8936.846025466919,7749.624187924438
2022-10-14,8936.846025466919,7573.020858291571
2022-10-17,8936.846025466919,7767.622974109653
2022-10-18,8936.846025466919,7858.889244730603
2022-10-19,8936.846025466919,7803.198243763855
2022-10-20,8936.846025466919,7737.765085763096
2022-10-21,8936.846025466919,7925.805214841076
2022-10-24,8936.846025466919,8022.789545712945
2022-10-25,8936.846025466919,8150.901388853151
2022-10-26,8936.846025466919,8089.490290805663
2022-10-27,8936.846025466919,8046.294561847693
2022-10-28,8936.846025466919,8237.722617861327
2022-10-31,8936.846025466919,8178.216634639782
2022-11-01,8936.846025466919,8142.430213627465
2022-11-02,8936.846025466919,7938.087298661919
2022-11-03,8936.846025466919,7856.349996887046
2022-11-04,8936.846025466919,7969.426641231642
2022-11-07,8936.846025466919,8045.657034113709
2022-11-08,8936.846025466919,8089.068667032709
2022-11-09,8936.846025466919,7922.417966848694
2022-11-10,8936.846025466919,8357.785588492075
2022-11-11,8936.846025466919,8438.676926947945
2022-11-14,8936.846025466919,8366.89157567865
2022-11-15,8936.846025466919,8438.25326634517
2022-11-16,8936.846025466919,8373.880617737896
2022-11-17,8936.846025466919,8348.25526175945
2022-11-18,8936.846025466919,8386.162022615465
2022-11-21,8936.846025466919,8355.668643364746
2022-11-22,8936.846025466919,8468.109796805178
2022-11-23,8936.846025466919,8521.472701286482
2022-11-25,8936.846025466919,8519.568265403816
2022-11-28,8936.846025466919,8383.620058998813
2022-11-29,8936.846025466919,8369.222387937189
2022-11-30,8936.846025466919,8632.857418993071
2022-12-01,8936.846025466919,8626.505225724537
2022-12-02,8936.846025466919,8616.55191733241
2022-12-05,8877.335542678833,8461.546452178529
2022-12-06,8849.10367012024,8339.575650948746
2022-12-07,8806.228204727173,8325.38845230196
2022-12-08,8879.912805557251,8390.609101058059
2022-12-09,8959.805826187134,8327.928379088793
2022-12-12,9029.566232681274,8447.994744435908
2022-12-13,9113.969285964966,8511.943053497132
2022-12-14,9137.676134109497,8457.522355395437
2022-12-15,8937.606866836548,8250.63951364306
2022-12-16,8870.759729385376,8153.229485338594
2022-12-19,8860.837846755981,8084.0933707231925
2022-12-20,8827.703805923462,8095.154714537962
2022-12-21,8929.348527908325,8216.196721369353
2022-12-22,8881.272653579712,8098.983954601508
2022-12-23,8877.374948501587,8145.571005211501
2022-12-27,8883.93056678772,8113.450198933774
2022-12-28,8832.842248916626,8012.616938643421
2022-12-29,8909.149759292603,8156.847574044026
2022-12-30,8916.945878982544,8135.360377318651
2023-01-03,8883.576036453247,8101.11244176449
2023-01-04,8923.501733779907,8163.6526224761055
2023-01-05,8892.671312332153,8070.4778423128455
2023-01-06,9089.995706558228,8255.55098928485
2023-01-09,9089.995706558228,8250.873070129206
2023-01-10,9089.995706558228,8308.73397379863
2023-01-11,9089.995706558228,8413.821492641851
2023-01-12,9089.995706558228,8444.454734206949
2023-01-13,9089.995706558228,8477.213747161933
2023-01-17,9104.414850234985,8461.685635549633
2023-01-18,9014.185693740845,8328.09200441775
2023-01-19,8867.058168411255,8267.464406908086
2023-01-20,8908.827974319458,8421.479972768944
2023-01-23,9124.140419006348,8522.525063360685
2023-01-24,9151.18683052063,8513.377660634414
2023-01-25,9167.523763656616,8516.569372963977
2023-01-26,9301.010637283325,8610.170529503108
2023-01-27,9330.635908126831,8629.954257554824
2023-01-30,9118.189588546753,8521.675705325313
2023-01-31,9285.581838607788,8646.973328596121
2023-02-01,9726.05325126648,8738.871016461591
2023-02-02,9904.045957565308,8866.081901877626
2023-02-03,9773.938932418823,8771.842538661238
2023-02-06,9746.142751693726,8718.235893544683
2023-02-07,9964.136297225952,8832.258305869513
2023-02-08,9837.129415512085,8735.679304132029
2023-02-09,9742.26605796814,8659.947934556116
2023-02-10,9687.293104171753,8680.157360040428
2023-02-13,9885.130979537964,8782.052487610814
2023-02-14,10013.26361656189,8778.012096189153
2023-02-15,10054.45470237732,8806.518208477815
2023-02-16,9872.699743270874,8685.263692401762
2023-02-17,9763.18636894226,8663.563986431727
2023-02-21,9554.781255722046,8489.76401357588
2023-02-22,9534.988859176636,8478.067178856947
2023-02-23,9880.04690361023,8523.164627924489
2023-02-24,9740.026945114136,8432.115619151116
2023-02-27,9835.004285812378,8460.835598570988
2023-02-28,9842.350637435913,8429.56550821518
2023-03-01,9732.916822433472,8397.22811903315
2023-03-02,9837.811086654663,8462.536351471552
2023-03-03,10214.842725753784,8598.257111879871
2023-03-06,10253.012243270874,8604.213481219853
2023-03-07,10169.766187667847,8472.32196087508
2023-03-08,10291.40186882019,8486.148640643542
2023-03-09,10158.674596786499,8329.580248073651
2023-03-10,10058.155553817749,8209.390993994
2023-03-13,10108.697751998901,8197.6907645587
2023-03-14,10272.45623588562,8333.196978892536
2023-03-15,10299.165098190308,8281.079256375158
2023-03-16,10503.426267623901,8426.37243799907
2023-03-17,10481.661741256714,8327.845548009404
2023-03-20,10505.913862228394,8407.922833480132
2023-03-21,10769.413969039917,8518.323762383163
2023-03-22,10621.212827682495,8373.11544866846
2023-03-23,10727.041822433472,8395.7514174129
2023-03-24,10737.889799118042,8450.844269355535
2023-03-27,10631.806768417358,8466.645995107128
2023-03-28,10558.196195602417,8447.64101499032
2023-03-29,10660.985731124878,8570.426548148518
2023-03-30,10696.139539718628,8620.609282335912
2023-03-31,10833.366254806519,8742.113649536679
2023-04-03,10828.82237815857,8775.426001259711
2023-04-04,10868.881521224976,8726.738979104231
2023-04-05,10685.338331222534,8703.889822171857
2023-04-06,10848.742780685425,8737.843096345243
2023-04-10,10864.62209892273,8746.810579103987
2023-04-11,10720.157224655151,8749.159722830915
2023-04-12,10586.926145553589,8713.498227380955
2023-04-13,10814.337522506714,8829.23836618819
2023-04-14,10858.414991378784,8807.670375213249
2023-04-17,10713.946493148804,8839.273147773158
2023-04-18,10736.686204910278,8845.040091939783
2023-04-19,10820.098030090332,8843.545058851143
2023-04-20,10735.790494918823,8795.28373412826
2023-04-21,10836.414476394653,8802.11865606438
2023-04-24,10823.27565574646,8811.29932701106
2023-04-25,10535.811750411987,8671.432260030386
2023-04-26,10696.727481842041,8634.702107867657
2023-04-27,11011.832290649414,8806.603076387026
2023-04-28,11071.53211593628,8881.768207272691
2023-05-01,11218.454441070557,8872.800724513947
2023-05-02,11061.720218658447,8773.075499646236
2023-05-03,11011.504919052124,8712.856625987328
2023-05-04,10955.150505065918,8651.144077126328
2023-05-05,11131.837293624878,8811.29932701106
2023-05-08,11269.735176086426,8813.648470737988
2023-05-09,11179.340173721313,8774.99758805402
2023-05-10,11373.03657913208,8815.998293408187
2023-05-11,11340.012142181396,8800.622944032466
2023-05-12,11273.671419143677,8789.093129358858
2023-05-15,11335.074117660522,8819.416093847885
2023-05-16,11369.06368637085,8760.47702825986
2023-05-17,11518.45288658142,8866.819913216113
2023-05-18,11998.52036857605,8952.235050704503
2023-05-19,12002.641248703003,8939.211560828802
2023-05-22,11966.665449142456,8942.839154740066
2023-05-23,11867.73243522644,8842.476402138373
2023-05-24,11858.018035888672,8778.414030607171
2023-05-25,12903.72643661499,8854.434630017671
2023-05-26,12995.16393661499,8969.104754225591
2023-05-30,13065.241512298584,8972.522554665287
2023-05-31,13063.367488861084,8922.768233683584
2023-06-01,13169.796016693115,9007.544485551443
2023-06-02,13202.024349212646,9137.802468379745
2023-06-05,13152.43468093872,9120.293879238126
2023-06-06,13296.068607330322,9140.152291049946
2023-06-07,13083.978603363037,9108.547481660215
2023-06-08,13267.534847259521,9163.641012546126
2023-06-09,13378.89944076538,9180.082981804797
2023-06-12,13591.701183319092,9263.364200584014
2023-06-13,13491.344158172607,9324.435826994662
2023-06-14,13640.968257904053,9335.5392652924
2023-06-15,13594.153217315674,9451.277367269815
2023-06-16,13405.146968841553,9419.085950891626
2023-06-20,13315.67915725708,9370.218329825348
2023-06-21,13143.948696136475,9322.20753517045
2023-06-22,13179.10338973999,9355.859358530322
2023-06-23,13165.541507720947,9285.127727221776
2023-06-26,13149.862308502197,9247.19109286172
2023-06-27,13256.084476470947,9348.571581430657
2023-06-28,13294.050296783447,9353.286842466354
2023-06-29,13276.987796783447,9390.151425397273
2023-06-30,13379.823734283447,9500.96175709433
2023-07-03,13420.713382720947,9511.892064857278
2023-07-05,13422.097171783447,9497.746960693463
2023-07-06,13364.299320220947,9423.374156608179
2023-07-07,13174.920413970947,9399.581947468665
2023-07-10,13205.047855377197,9423.374156608179
2023-07-11,13245.475101470947,9483.38663151189
2023-07-12,13373.984867095947,9559.688313437693
2023-07-13,13380.900882720947,9635.562940044354
2023-07-14,13507.719242095947,9629.56176044831
2023-07-17,13673.694919586182,9662.99767984715
2023-07-18,13660.616519927979,9734.800004698289
2023-07-19,13729.520526885986,9756.447432036251
2023-07-20,13630.440326690674,9691.718338210298
2023-07-21,13570.589099884033,9691.718338210298
2023-07-24,13611.326221466064,9735.01455077277
2023-07-25,13655.084308624268,9761.589748391092
2023-07-26,13699.34355545044,9763.092249855743
2023-07-27,13634.966327667236,9698.362477086514
2023-07-28,13766.23514175415,9793.312014967169
2023-07-31,13797.418323516846,9811.95987092202
2023-08-01,13755.170719146729,9783.881492895776
2023-08-02,13602.778491973877,9647.779845310923
2023-08-03,13531.86128616333,9620.131238376916
2023-08-04,13070.155490875244,9576.622516569782
2023-08-07,13070.155490875244,9660.2106177087
2023-08-08,13070.155490875244,9618.201681593122
2023-08-09,13070.155490875244,9553.90303780268
2023-08-10,13070.155490875244,9557.331022391481
2023-08-11,13070.155490875244,9551.758934944402
2023-08-14,13070.155490875244,9604.48363274845
2023-08-15,13070.155490875244,9492.603965395348
2023-08-16,13070.155490875244,9422.945064459214
2023-08-17,13070.155490875244,9351.142060664804
2023-08-18,13070.155490875244,9355.64481245584
2023-08-21,13070.155490875244,9416.514113770932
2023-08-22,13070.155490875244,9391.008251808655
2023-08-23,13070.155490875244,9495.602857835185
2023-08-24,13070.155490875244,9364.003283098094
2023-08-25,13070.155490875244,9430.01693759785
2023-08-28,13070.155490875244,9489.816903256899
2023-08-29,13070.155490875244,9626.991281214163
2023-08-30,13070.155490875244,9666.64088945371
2023-08-31,13070.155490875244,9652.49510634662
2023-09-01,13070.155490875244,9670.499324078024
2023-09-05,13070.155490875244,9628.704934036927
2023-09-06,13070.155490875244,9563.976519154246
2023-09-07,13070.155490875244,9534.612901510927
2023-09-08,13070.155490875244,9548.971872805952
2023-09-11,13070.155490875244,9611.772767734661
2023-09-12,13070.155490875244,9559.04535415752
2023-09-13,13070.155490875244,9570.190886938226
2023-09-14,13070.155490875244,9652.709652421103
2023-09-15,13070.155490875244,9536.412101186175
2023-09-18,13070.155490875244,9542.003199044917
2023-09-19,13070.155490875244,9522.214718390285
2023-09-20,13070.155490875244,9434.673130568735
2023-09-21,13070.155490875244,9278.732760526998
2023-09-22,13070.155490875244,9257.870870556682
2023-09-25,13070.155490875244,9296.801477869403
2023-09-26,13070.155490875244,9160.219138446786
2023-09-27,13070.155490875244,9163.876605862091
2023-09-28,13070.155490875244,9217.003238084157
2023-09-29,13070.155490875244,9194.634772989546
2023-10-02,13070.155490875244,9190.97730557424
2023-10-03,13070.155490875244,9067.945994950971
2023-10-04,13070.155490875244,9133.978659862389
2023-10-05,13070.155490875244,9130.53845429466
2023-10-06,13070.155490875244,9238.941932086527
2023-10-09,13070.155490875244,9298.09282797594
2023-10-10,13054.455112457275,9346.487225580466
2023-10-11,13163.05124282837,9384.773515726465
2023-10-12,13283.794658660889,9327.55828711031
2023-10-13,13076.591709136963,9281.099556779041
2023-10-16,13270.951923370361,9378.74993100239
2023-10-17,13186.973751068115,9378.320159910152
2023-10-18,13126.283931732178,9253.353860956899
2023-10-19,12999.814289093018,9172.04904604736
2023-10-20,12819.287113189697,9059.343783673465
2023-10-23,12911.02307510376,9043.640504696557
2023-10-24,13127.184726715088,9111.824740842261
2023-10-25,12359.150661468506,8981.05008218269
2023-10-26,12219.356433868408,8873.505467632025
2023-10-27,12219.356433868408,8833.283510212766
2023-10-30,12219.356433868408,8938.893136433448
2023-10-31,12219.356433868408,8995.032239960823
2023-11-01,12219.356433868408,9090.960814042122
2023-11-02,12219.356433868408,9265.183089614198
2023-11-03,12185.740497589111,9349.713564016985
2023-11-06,12334.364978790283,9371.221807983844
2023-11-07,12443.861991882324,9397.892736603753
2023-11-08,12528.061115264893,9404.77654245558
2023-11-09,12537.919593811035,9331.431658486646
2023-11-10,12793.59390258789,9477.045980279006
2023-11-13,12755.822498321533,9468.013997909262
2023-11-14,12927.896770477295,9651.69802694332
2023-11-15,12871.937641143799,9672.132182651221
2023-11-16,12915.072814941406,9683.962090251795
2023-11-17,12901.811656951904,9696.00654392685
2023-11-20,12982.763450622559,9770.64277800232
2023-11-21,12982.763450622559,9749.349080109943
2023-11-22,13081.113899230957,9786.989016259402
2023-11-24,13000.536640167236,9793.011922040203
2023-11-27,13075.65259552002,9775.376370506407
2023-11-28,13014.593612670898,9785.054706872692
2023-11-29,13017.44515991211,9778.170222077593
2023-11-30,12890.42656326294,9816.672416184623
2023-12-01,12922.89255142212,9874.746508041982
2023-12-04,12737.260150909424,9822.910546983181
2023-12-05,12871.657093048096,9820.973521823376
2023-12-06,12719.724002838135,9781.396560514113
2023-12-07,12842.395771026611,9856.033473532856
2023-12-08,12922.426853179932,9898.4070021864
2023-12-11,12814.26755142212,9936.906480520338
2023-12-12,12927.32272720337,9982.290443649372
2023-12-13,12974.736042022705,10119.946192387675
2023-12-14,12767.732944488525,10152.427517543725
2023-12-15,12946.445636749268,10135.70989731594
2023-12-18,13125.730304718018,10192.724837666361
2023-12-19,13127.29977798462,10254.705569120466
2023-12-20,13019.644550323486,10112.603420882842
2023-12-21,13134.267810821533,10208.489900481174
2023-12-22,13138.94998550415,10229.005529381915
2023-12-26,13140.093250274658,10272.19854256679
2023-12-27,13126.645282745361,10290.771714761539
2023-12-28,13150.59648513794,10294.658665003348
2023-12-29,13114.361164093018,10264.854413175412
2024-01-02,12947.654010772705,10207.410380676027
2024-01-03,12891.521350860596,10124.049725533787
2024-01-04,12705.445178985596,10091.43804326919
2024-01-05,12725.35348892212,10105.261328321285
2024-01-08,12989.801136016846,10249.523195112479
2024-01-09,13089.752521514893,10233.972678372147
2024-01-10,13302.443515777588,10291.849876680139
2024-01-11,13387.860523223877,10287.315893498515
2024-01-12,13421.46983718872,10294.442761042317
2024-01-16,13771.698078155518,10256.648704769734
2024-01-17,13747.278400421143,10199.636480192408
2024-01-18,14031.827777862549,10290.337870009658
2024-01-19,14699.521991729736,10418.620127911556
2024-01-22,14800.894672393799,10440.648442426052
2024-01-23,14857.019245147705,10471.097690363982
2024-01-24,14827.434589385986,10482.544673958202
2024-01-25,14813.076984405518,10539.558256422075
2024-01-26,14736.939044952393,10526.168137178589
2024-01-29,14706.918659210205,10609.5294712641
2024-01-30,14546.376667022705,10601.323762858423
2024-01-31,14300.609394073486,10428.339200874263
2024-02-01,14513.74995803833,10564.825809295291
2024-02-02,14731.42818069458,10676.04622272965
2024-02-05,14687.717548370361,10637.172646651918
2024-02-06,14555.235553741455,10668.05573934173
2024-02-07,14749.628253936768,10757.031934300561
2024-02-08,14782.719989776611,10761.78250038649
2024-02-09,14845.31978225708,10823.979814744896
2024-02-12,14833.919940948486,10819.228569715695
2024-02-13,14633.588031768799,10670.214100008752
2024-02-14,14861.539936065674,10767.182136242054
2024-02-15,14759.391864776611,10841.472109247949
2024-02-16,14647.541889190674,10787.482540125038
2024-02-20,14391.602313995361,10728.091977260017
2024-02-21,14302.392749786377,10737.811050222725
2024-02-22,15544.195850372314,10960.035294187139
2024-02-23,15452.976062774658,10967.593969653002
2024-02-26,15432.895496368408,10927.424969809092
2024-02-27,15427.475513458252,10947.724694748802
2024-02-28,15383.835773468018,10933.25573464344
2024-02-29,15840.435535430908,10972.559760756685
2024-03-01,16098.115802764893,11075.573786842093
2024-03-04,16073.795825958252,11063.695674269089
2024-03-05,15942.315570831299,10953.123651661093
2024-03-06,15919.13554763794,11008.625906397758
2024-03-07,16044.916034698486,11117.90318418285
2024-03-08,15923.053119659424,11051.171886642816
2024-03-11,15755.807392120361,11041.66871764114
2024-03-12,16129.359760284424,11160.448485484634
2024-03-13,16169.750751495361,11142.95347520849
2024-03-14,16481.717945098877,11120.925160693992
2024-03-15,16118.267322540283,11044.562373873558
2024-03-18,16140.89122390747,11110.202609572789
2024-03-19,16287.297565460205,11171.942995108011
2024-03-20,16459.14302444458,11275.27680347532
2024-03-21,16552.720905303955,11312.537210334795
2024-03-22,16565.84141921997,11291.09075020584
2024-03-25,16464.85347366333,11259.895343610136
2024-03-26,16383.922229766846,11239.09999008064
2024-03-27,16437.09059524536,11333.549146768593
2024-03-28,16441.94166946411,11331.385354555381
2024-04-01,16551.38502883911,11311.670199774306
2024-04-02,16480.636585235596,11239.74973879355
2024-04-03,16458.259174346924,11252.09768011194
2024-04-04,16400.16746902466,11114.752887392982
2024-04-05,16572.85768508911,11230.867123944015
2024-04-08,16551.836353302002,11237.149386055362
2024-04-09,16590.037494659424,11250.149112916482
2024-04-10,16521.77519607544,11137.49952389103
2024-04-11,16627.331775665283,11221.55270117242
2024-04-12,16491.03319168091,11066.660619545244
2024-04-15,16304.33086013794,10928.015650457191
2024-04-16,16325.576801300049,10908.083912771814
2024-04-17,16263.64497756958,10843.527949480647
2024-04-18,16092.536151885986,10821.215157734478
2024-04-19,15976.129535675049,10726.763964216703
2024-04-22,16017.719470977783,10825.549531593642
2024-04-23,16167.127521514893,10954.010351576517
2024-04-24,16200.806995391846,10948.811682929962
2024-04-25,15974.321430206299,10907.218939041148
2024-04-26,16138.873767852783,11010.552068465184
2024-04-29,16046.877979278564,11049.545817502358
2024-04-30,15644.609806060791,10874.50745211532
2024-05-01,15679.936664581299,10839.196291394577
2024-05-02,15770.215854644775,10940.580174679884
2024-05-03,15790.497440338135,11076.192983107689
2024-05-06,15818.626697540283,11190.573877481022
2024-05-07,15921.66257095337,11202.921139856137
2024-05-08,15860.495548248291,11204.005412264201
2024-05-09,15879.467426300049,11268.56001766882
2024-05-10,15836.61667251587,11283.077182746612
2024-05-13,15852.644855499268,11284.591226246916
2024-05-14,15891.896808624268,11336.368119240908
2024-05-15,15962.878330230713,11476.745751563387
2024-05-16,15935.03886795044,11453.13210450485
2024-05-17,15983.434635162354,11469.595121005006
2024-05-20,15981.100009918213,11482.810072883882
2024-05-21,15969.744541168213,11510.97399776261
2024-05-22,15952.918033599854,11477.82798714163
2024-05-23,16282.188694000244,11393.992071707817
2024-05-24,16586.008060455322,11469.380574930523
2024-05-28,16648.99881362915,11477.393463446475
2024-05-29,16577.468463897705,11397.022874481518
2024-05-30,16380.957523345947,11321.419825184328
2024-05-31,16391.530475616455,11424.536371704062
2024-06-03,16519.230655670166,11433.854189192025
2024-06-04,16534.549381256104,11446.633259489201
2024-06-05,16766.856937408447,11582.677196895791
2024-06-06,16797.132892608643,11582.46129293476
2024-06-07,16714.942737579346,11568.381367325217
2024-06-10,16835.16563796997,11604.122299138198
2024-06-11,16936.216632843018,11632.071677942444
2024-06-12,17129.818393707275,11727.60442809519
2024-06-13,17750.653644561768,11751.219433040273
2024-06-14,17809.59354019165,11758.370063598653
2024-06-17,17848.865161895752,11851.951530782848
2024-06-18,17707.534107208252,11882.064022857034
2024-06-20,17769.11130142212,11849.785701739813
2024-06-21,17809.42213821411,11833.898429135737
2024-06-24,17558.299282073975,11795.432219022212
2024-06-25,17831.93476486206,11840.854881917847
2024-06-26,17929.922191619873,11855.631403326184
2024-06-27,17999.103816986084,11874.321353764004
2024-06-28,17719.2805519104,11827.595119782907
2024-07-01,17732.13135910034,11851.939309803922
2024-07-02,17801.202892303467,11931.69884982257
2024-07-03,18014.555500030518,11984.944297117527
2024-07-05,18333.915203094482,12054.05664871835
2024-07-08,18348.342418670654,12067.964122736379
2024-07-09,18446.761600494385,12079.700336165184
2024-07-10,18458.93109512329,12199.233731042463
2024-07-11,17927.704433441162,12094.043691764915
2024-07-12,17922.850971221924,12170.329757995423
2024-07-15,17908.182193756104,12203.797587728128
2024-07-16,17734.52640914917,12276.164793382966
2024-07-17,17327.802562713623,12104.043168299651
2024-07-18,17346.215381622314,12011.022508259515
2024-07-19,17248.416805267334,11931.262968240868
2024-07-22,17422.040409088135,12054.272552679378
2024-07-23,17392.639225006104,12035.363982507435
2024-07-24,17134.524112701416,11762.613459059145
2024-07-25,17134.524112701416,11701.325249744192
2024-07-26,17134.524112701416,11832.37623831615
2024-07-29,17134.524112701416,11839.331333211712
2024-07-30,17134.524112701416,11779.349410755318
2024-07-31,17134.524112701416,11970.818203365374
2024-08-01,17134.524112701416,11801.29964679334
2024-08-02,17134.524112701416,11581.578666678979
2024-08-05,17134.524112701416,11244.279648315533
2024-08-06,17134.524112701416,11347.946138886946
2024-08-07,17134.524112701416,11272.095954238137
2024-08-08,17134.524112701416,11532.677098449016
2024-08-09,17134.524112701416,11583.532665420626
2024-08-12,17134.524112701416,11589.61871292588
2024-08-13,17134.524112701416,11780.217100259079
2024-08-14,17134.524112701416,11817.38109717369
2024-08-15,17134.524112701416,12019.935675556366
2024-08-16,17134.524112701416,12046.88429197521
2024-08-19,17134.524112701416,12162.069734127852
2024-08-20,17134.524112701416,12142.292116565599
2024-08-21,17134.524112701416,12184.019970165875
2024-08-22,17134.524112701416,12088.392167954815
2024-08-23,17134.524112701416,12216.837372242397
2024-08-26,17134.524112701416,12187.713421574686
2024-08-27,17164.05429458618,12204.44937327086
2024-08-28,17110.555072784424,12133.59892688942
2024-08-29,17017.01753616333,12134.683878240758
2024-08-30,17035.778247833252,12250.52246382268
2024-09-03,16524.21771621704,11998.419963213497
2024-09-04,16457.517124176025,11973.861227118
2024-09-05,16510.668140411377,11944.73727645029
2024-09-06,16456.474643707275,11743.707604660294
2024-09-09,16459.60101699829,11875.193116927408
2024-09-10,16431.80919265747,11926.917731289326
2024-09-11,16520.39546585083,12049.27417229856
2024-09-12,16654.662784576416,12150.7680443942
2024-09-13,16653.93048477173,12214.230230071471
2024-09-16,16366.750431060791,12232.26839496656
2024-09-17,16207.79033279419,12237.265417460832
2024-09-18,16081.42331314087,12200.973183709626
2024-09-19,16506.55221939087,12409.173854356213
2024-09-20,16613.338382720947,12387.724678454164
2024-09-23,16761.23192214966,12418.680418074258
2024-09-24,16702.483814239502,12454.212235358946
2024-09-25,16877.12103652954,12426.744906279011
2024-09-26,17013.19333267212,12476.01310387676
2024-09-27,16681.002155303955,12457.91926563323
2024-09-30,16677.99493789673,12507.840606660258
2024-10-01,16380.521961212158,12395.78780877237
2024-10-02,16454.41579055786,12401.022461412429
2024-10-03,16536.029132843018,12378.349829731213
2024-10-04,16913.26930618286,12490.835793427708
2024-10-07,16797.661945343018,12377.913948149511
2024-10-08,17059.000690460205,12494.977347397145
2024-10-09,17328.36647415161,12581.523604379483
2024-10-10,17185.310932159424,12559.506831900639
2024-10-11,17168.97034072876,12634.713378326
2024-10-14,17115.84552383423,12738.044470920215
2024-10-15,16784.14789199829,12639.076267802657
2024-10-16,16721.43776321411,12694.008210189431
2024-10-17,16799.04750442505,12695.101308860054
2024-10-18,16796.699146270752,12743.930909103008
2024-10-21,16829.762744903564,12723.003161635144
2024-10-22,16767.17509841919,12716.246318175496
2024-10-23,16702.208545684814,12600.053324204715
2024-10-24,16608.397327423096,12627.30474932362
2024-10-25,16659.637378692627,12622.941859846964
2024-10-28,16603.394062042236,12661.963445558358
2024-10-29,16734.978565216064,12682.456669331068
2024-10-30,16548.49278640747,12644.089584935498
2024-10-31,16146.034870147705,12396.22369035407
2024-11-01,16167.596088409424,12448.545774796825
2024-11-04,16238.519367218018,12421.728873373075
2024-11-05,16380.493488311768,12571.931493808956
2024-11-06,16572.84059524536,12884.537345308716
2024-11-07,16787.807025909424,12984.16548128829
2024-11-08,17051.141620635986,13040.409142079812
2024-11-11,16860.48756790161,13052.836519761222
2024-11-12,16803.04372024536,13012.287311684051
2024-11-13,16763.10103225708,13018.608273561997
2024-11-14,16612.223346710205,12934.898641577089
2024-11-15,16352.940082550049,12769.220188160982
2024-11-18,16480.352558135986,12821.540914717189
2024-11-19,16569.045001983643,12868.408368899212
2024-11-20,16509.204181671143,12872.767184716227
2024-11-21,16768.942401885986,12941.87410477086
2024-11-22,16774.65407180786,12981.984715493236
2024-11-25,16786.274250030518,13026.022334110567
2024-11-26,16784.698627471924,13094.037513381125
2024-11-27,16684.842975616455,13054.361426353904
2024-11-29,16839.62363052368,13135.455768848604
2024-12-02,17027.928226470947,13158.998805806677
2024-12-03,17197.054431915283,13165.103863723594
2024-12-04,17260.61796951294,13246.852707534119
2024-12-05,17260.186603546143,13225.053196902853
2024-12-06,17429.683979034424,13250.122498340153
2024-12-09,17592.89740371704,13181.888699335472
2024-12-10,17515.35773086548,13140.904967563147
2024-12-11,17885.806156158447,13242.495249603651
2024-12-12,17815.108585357666,13174.258734825873
2024-12-13,18570.28009414673,13171.643445335663
2024-12-16,18638.88564682007,13227.885748240638
2024-12-17,18568.209964752197,13173.38697166247
2024-12-18,18049.569744110107,12780.773086905894
2024-12-19,18147.99412918091,12776.848794784033
2024-12-20,18136.710903167725,12930.311700820117
2024-12-23,18338.985843658447,13007.742465410047
2024-12-24,18639.781803131104,13152.324793426418
2024-12-26,18649.695476531982,13153.199272362916
2024-12-27,18441.94037246704,13014.74372844822
2024-12-30,18284.339824676514,12866.223529444514
2024-12-31,18144.2234916687,12819.414464384028
2025-01-02,18103.609256744385,12787.918285918086
2025-01-03,18112.05202102661,12947.809426869357
2025-01-06,18169.223041534424,13022.399492802218
2025-01-07,18054.140338897705,12875.191012203259
2025-01-08,18064.063510894775,12894.001814543793
2025-01-10,17990.008335113525,12697.142212340732
2025-01-13,18004.523105621338,12716.831567277406
2025-01-14,17995.78462600708,12734.3279354401
2025-01-15,18044.661197662354,12965.96437000752
2025-01-16,18065.545291900635,12941.029499338405
2025-01-17,18184.47847366333,13070.9575157357
2025-01-21,18226.98595046997,13190.599541536765
2025-01-22,18235.872745513916,13264.752368001376
2025-01-23,18226.541919708252,13337.150805046804
2025-01-24,18272.057209014893,13298.218839847535
2025-01-27,17661.497898101807,13110.10945855564
2025-01-28,17834.509830474854,13222.757010751271
2025-01-29,17781.75127029419,13163.478473526407
2025-01-30,17834.59222793579,13234.129310585386
2025-01-31,18024.082279205322,13163.698451147078
2025-02-03,17962.551136016846,13075.112648570612
2025-02-04,18194.563236236572,13162.82397221058
2025-02-05,18130.155658721924,13216.1916292948
2025-02-06,18213.776874542236,13262.127573305337
2025-02-07,17778.852405548096,13140.731158085086
2025-02-10,18069.131565093994,13229.972819863926
2025-02-11,18055.831394195557,13240.03475917984
2025-02-12,17941.1838722229,13197.38354272736
2025-02-13,17983.438053131104,13336.713565578555
2025-02-14,17982.940662384033,13336.057706376181
2025-02-18,17860.469470977783,13375.212364969217
2025-02-19,17858.679203033447,13406.70854343516
2025-02-20,17773.834369659424,13350.931995615929
2025-02-21,17394.24574661255,13122.576214946923
2025-02-24,16981.19934463501,13062.861796140358
2025-02-25,16978.61571121216,12997.899145828258
2025-02-26,17050.91550064087,13004.461811511634
2025-02-27,16423.797443389893,12796.884410790284
2025-02-28,16664.228839874268,12996.58742742351
2025-03-03,16648.49751663208,12768.88750595688
2025-03-04,16559.298419952393,12617.745228030228
2025-03-05,16656.542804718018,12753.355999628211
2025-03-06,16467.682331085205,12526.970512339421
2025-03-07,15910.757343292236,12597.182752043604
2025-03-10,15910.757343292236,12261.650344078267
2025-03-11,15910.757343292236,12159.719232514377
2025-03-12,15910.757343292236,12224.246001244775
2025-03-13,15910.757343292236,12061.29011035612
2025-03-14,15910.757343292236,12310.426986745873
2025-03-17,15910.757343292236,12405.355477385045
2025-03-18,15910.757343292236,12271.27097026629
2025-03-19,15910.757343292236,12404.918237916796
2025-03-20,15910.757343292236,12369.04694899527
2025-03-21,15910.757343292236,12373.127398070077
2025-03-24,15910.757343292236,12594.711398527414
2025-03-25,15910.757343292236,12624.986836987282
2025-03-26,15910.757343292236,12474.268219663407
2025-03-27,15910.757343292236,12441.13986156754
2025-03-28,15910.757343292236,12190.593498941631
2025-03-31,15910.757343292236,12272.42788960464
2025-04-01,15910.757343292236,12307.090659499017
2025-04-02,15910.757343292236,12384.973600309218
2025-04-03,15910.757343292236,11774.6321128898
2025-04-04,15910.757343292236,11085.31119127319
2025-04-07,15910.757343292236,11065.566162988074
2025-04-08,15910.757343292236,10892.248239856537
2025-04-09,15910.757343292236,12036.146125158712
2025-04-10,15910.757343292236,11508.733484959472
2025-04-11,15910.757343292236,11714.079878083516
2025-04-14,15910.757343292236,11827.724119004906
2025-04-15,15910.757343292236,11794.597118795587
2025-04-16,15910.757343292236,11532.427247324302
2025-04-17,15910.757343292236,11548.879400732078
2025-04-21,15910.757343292236,11273.986132312059
2025-04-22,15910.757343292236,11567.309994839354
2025-04-23,15910.757343292236,11746.55101909046
2025-04-24,15910.757343292236,11993.803148952484
2025-04-25,15910.757343292236,12080.460752631703
2025-04-28,15910.757343292236,12085.068061686885
2025-04-29,15910.757343292236,12161.19797096445
2025-04-30,15910.757343292236,12166.022541867207
2025-05-01,15910.757343292236,12252.241548191632
2025-05-02,15910.757343292236,12434.116872344612
2025-05-05,15910.757343292236,12362.816965515996
2025-05-06,15910.757343292236,12259.484515035234
2025-05-07,15910.757343292236,12311.04075146528
2025-05-08,15910.757343292236,12396.821160434907
2025-05-09,15910.757343292236,12381.024866229505
2025-05-12,15910.757343292236,12790.18731433872
2025-05-13,16134.437343597412,12874.653289130507
2025-05-14,16301.638683319092,12891.10680042483
2025-05-15,16518.569820404053,12954.07064173922
2025-05-16,16686.34020614624,13036.123652136353
2025-05-19,16742.521556854248,13050.3814608836
2025-05-20,16724.528636932373,13006.504072878859
2025-05-21,16592.564891815186,12787.334394702722
2025-05-22,16550.309871673584,12792.381658999248
2025-05-23,16436.90398788452,12705.064122458012
2025-05-27,16729.44225692749,12969.208360969154
2025-05-28,16668.429347991943,12894.176981908404
2025-05-29,16664.78289413452,12945.076001249528
2025-05-30,16970.23699569702,12930.594141221967
2025-06-02,17307.921504974365,13003.433891395285
2025-06-03,17402.34574508667,13077.586717859896
2025-06-04,17571.661602020264,13074.07522324843
2025-06-05,17233.767055511475,13010.891404313368
2025-06-06,17423.17090988159,13144.500651140548
2025-06-09,17373.629222869873,13156.348211266237
2025-06-10,17493.067821502686,13230.940992972191
2025-06-11,17571.742824554443,13193.203967934596
2025-06-12,17751.824977874756,13245.640114847329
2025-06-13,17410.752742767334,13097.551723765684
2025-06-16,17545.00443649292,13222.164972216624
2025-06-17,17425.97906112671,13109.180664157248
2025-06-18,17514.696910858154,13107.204939230844
2025-06-20,17442.872371673584,13076.421651202263
2025-06-23,17536.612392425537,13205.58381958685
2025-06-24,17885.387355804443,13351.468360802135
2025-06-25,18128.659801483154,13358.95031567807
2025-06-26,18249.21668624878,13463.468201114676
2025-06-27,18249.21668624878,13530.359050324023
2025-06-30,18249.21668624878,13595.051481213199
2025-07-01,18249.21668624878,13590.650570913216
2025-07-02,18249.21668624878,13652.26195722644
2025-07-03,18249.21668624878,13759.85952935245
2025-07-07,18139.928356170654,13657.32144250189
2025-07-08,18043.005138397217,13649.8408455125
2025-07-09,18133.14735031128,13731.694246587174
2025-07-10,18173.03260421753,13770.421170917793
2025-07-11,18275.541759490967,13722.012515504519
2025-07-14,18330.18592453003,13748.197999683749
2025-07-15,18347.73536300659,13689.447680325808
2025-07-16,18386.424938201904,13735.21524640447
2025-07-17,18410.756603240967,13819.26842368586
2025-07-18,18469.786754608154,13809.148095248409
2025-07-21,18670.81397628784,13835.332221541092
2025-07-22,18720.273204803467,13837.313378013685
2025-07-23,18848.26807785034,13955.033994350242
2025-07-24,19061.62766647339,13959.652166497803
2025-07-25,19090.8865776062,14018.623821362964
2025-07-28,19240.18723678589,14015.102821545668
2025-07-29,19183.2234916687,13978.13843395352
2025-07-30,19355.953716278076,13960.533434867039
2025-07-31,19355.953716278076,13908.163824395126
2025-08-01,19228.896404266357,13680.204546597948
2025-08-04,19775.93507003784,13888.1404293678
2025-08-05,19682.504863739014,13817.728580341158
2025-08-06,19798.61182785034,13923.567689388341
2025-08-07,19877.657054901123,13911.904801833094
2025-08-08,20187.222148895264,14020.38364232834
2025-08-11,20139.833934783936,13992.659672690954
2025-08-12,20295.504222869873,14141.625258482192
2025-08-13,20163.216747283936,14190.035271782011
2025-08-14,20227.062267303467,14191.353779619496
2025-08-15,20202.10926437378,14158.129011578767
2025-08-18,20252.31007003784,14155.046609116267
2025-08-19,19883.875926971436,14078.254051203594
2025-08-20,19770.124584197998,14040.84563471046
2025-08-21,19771.39164352417,13984.51914283955
2025-08-22,20194.46632003784,14199.275689736776
2025-08-25,20274.439220428467,14136.784392940865
2025-08-26,20360.564708709717,14195.974667540151
2025-08-27,20402.015453338623,14228.320882984739
2025-08-28,20522.63477706909,14278.709336984057
2025-08-29,20013.506114959717,14193.553555826213
2025-09-02,19882.66962814331,14088.37709541414
2025-09-03,19966.27540206909,14164.72969808547
2025-09-04,20093.00165939331,14283.110247284041
2025-09-05,20517.88673019409,14241.740875732266
2025-09-08,20524.84229660034,14276.72953839801
2025-09-09,20661.668224334717,14309.734328818067
2025-09-10,20199.892696380615,14351.100984596747
2025-09-11,19866.896282196045,14470.362802164555
2025-09-12,19780.76955795288,14465.519220850132
2025-09-15,19885.56774520874,14542.53447215657
2025-09-16,19833.062969207764,14522.5097192427
2025-09-17,19688.623943328857,14504.467480687968
2025-09-18,19874.997478485107,14572.240956153097
2025-09-19,20203.283489227295,14644.413984031662
2025-09-22,20906.154781341553,14713.696071450904
2025-09-23,20704.39214706421,14633.603849228155
2025-09-24,20647.524486541748,14587.043277405835
2025-09-25,20675.569423675537,14519.747778005376
2025-09-26,20695.044429779053,14602.931907896458
2025-09-29,20837.60306930542,14643.972670903771
2025-09-30,20986.755672454834,14699.13409611705
2025-10-01,21078.932781219482,14749.222457189402
2025-10-02,21172.3737449646,14766.209617896837
2025-10-03,21110.351039886475,14765.990998162713
2025-10-06,21216.92760848999,14818.945857736537
2025-10-07,21024.999156951904,14764.004410143929
2025-10-08,21141.430126190186,14852.042984441812
2025-10-09,21162.091548919678,14809.016991302262
2025-10-10,20612.408535003662,14408.760921057163
2025-10-13,21093.30292892456,14629.85065081126
2025-10-14,20818.41019821167,14611.97814807495
2025-10-15,21016.677989959717,14676.848462101829
2025-10-16,21109.678874969482,14576.897149123984
2025-10-17,21232.545986175537,14659.638608000629
2025-10-20,21329.96848678589,14812.106183197498
2025-10-21,21047.432918548584,14811.88484769028
2025-10-22,21058.578533172607,14734.879101589671
2025-10-23,21183.134212493896,14822.256385138991
2025-10-24,21595.416164398193,14943.39208614215
2025-10-27,22144.400997161865,15119.689212358588
2025-10-28,22515.987636566162,15159.84734911012
2025-10-29,22515.987636566162,15167.129694663596
2025-10-30,22188.627529144287,15000.318763866993
2025-10-31,23128.467555999756,15049.523140797017
2025-11-03,23558.78750228882,15077.76718098204
2025-11-04,23558.78750228882,14899.042153618928
2025-11-05,23467.68496322632,14950.674431695626
2025-11-06,23285.00039291382,14790.26186231017
2025-11-07,23271.59707260132,14804.823837644024
2025-11-10,23157.04043197632,15035.843791718944
2025-11-11,23157.04043197632,15070.263499921346
2025-11-12,23157.04043197632,15078.648449351274
2025-11-13,23157.04043197632,14828.433411042919
2025-11-14,23157.04043197632,14826.008225669339
2025-11-17,23157.04043197632,14687.879932412556
2025-11-18,23157.04043197632,14564.539023656489
2025-11-19,23157.04043197632,14620.804410632769
2025-11-20,23157.04043197632,14397.950786253654
2025-11-21,23157.04043197632,14541.370763385486
2025-11-24,23157.04043197632,14755.39948309333
2025-11-25,23157.04043197632,14894.18635132558
2025-11-26,23157.04043197632,14997.009594351084
2025-11-28,23157.04043197632,15078.869784858492
2025-12-01,23157.04043197632,15010.027652680596
2025-12-02,23157.04043197632,15037.830379737727
2025-12-03,23157.04043197632,15089.902613055769
2025-12-04,23157.04043197632,15100.935441253043
2025-12-05,23157.04043197632,15129.618078792862
2025-12-08,23157.04043197632,15084.165542393184
2025-12-09,23157.04043197632,15071.146126177127
2025-12-10,23157.04043197632,15171.101512814614
2025-12-11,23157.04043197632,15206.403847272799
2025-12-12,22464.322689056396,15042.903443878651
2025-12-15,22464.322689056396,15020.17649673554
2025-12-16,22464.322689056396,14979.137091614773
2025-12-17,22464.322689056396,14814.312748836954
2025-12-18,22464.322689056396,14926.179516267855
2025-12-19,22464.322689056396,15061.463037207926
2025-12-22,22464.322689056396,15155.292997630286
2025-12-23,22464.322689056396,15224.560148297507
2025-12-24,22464.322689056396,15278.115193725262
2025-12-26,22464.322689056396,15276.565845174728
2025-12-29,22464.322689056396,15222.125457718095
2025-12-30,22446.524379730225,15203.53599088478
2025-12-31,22380.546810150146,15090.895228121886
2026-01-02,22536.5016746521,15118.556734978092
2026-01-05,22549.71277999878,15219.249454010795
2026-01-06,22449.519618988037,15309.760739711413
2026-01-07,22751.262142181396,15260.411068920823
2026-01-08,22696.39101791382,15258.861720370289
2026-01-09,22783.15742111206,15359.774417023662
2026-01-12,22884.844173431396,15383.89591365091
2026-01-13,23041.874095916748,15353.135709693634
2026-01-14,22937.87032699585,15277.671164824276
2026-01-15,23090.175395965576,15319.27680863529
2026-01-16,23058.23379135132,15306.440707103126
2026-01-20,22740.381649017334,14994.850554740788
2026-01-21,22740.381649017334,15167.90776365523
2026-01-22,22740.381649017334,15247.133654260768
2026-01-23,22740.381649017334,15252.664326168151
2026-01-26,22740.381649017334,15330.120890602482
2026-01-27,22740.381649017334,15391.198627502594
2026-01-28,22671.911724090576,15389.64927895206
2026-01-29,22517.14960861206,15359.110410502004
2026-01-30,22270.313793182373,15313.30210782692
2026-02-02,22785.274517059326,15389.427943444842
2026-02-03,22731.433895111084,15259.304391384727
2026-02-04,22506.186290740967,15185.39055295245
2026-02-05,22648.200023651123,14995.735896769664
2026-02-06,22802.286205291748,15283.425888011974
2026-02-09,22755.94434738159,15357.118390937032
2026-02-10,22413.76044845581,15316.62078254866
2026-02-11,22503.460765838623,15313.080772319701
2026-02-12,22772.430004119873,15076.511135925735
2026-02-13,23027.120189666748,15087.13252449916
2026-02-17,23027.120189666748,15111.475356633626
2026-02-18,22867.651805877686,15187.602550138095
2026-02-19,22785.171337127686,15147.547612764161
2026-02-20,22759.708080291748,15257.092394199082
2026-02-23,22767.197704315186,15101.296639074639
2026-02-24,22891.11738204956,15211.060040243685
2026-02-25,22854.470653533936,15339.41562401914
2026-02-26,22774.387035369873,15254.213674718687
2026-02-27,23014.538402557373,15180.963842808067
2026-03-02,22934.45478439331,15189.594569703067
2026-03-03,22984.382152557373,15055.709671906774
2026-03-04,22974.097118377686,15161.93306284686
2026-03-05,22732.747631072998,15077.395120068064
2026-03-06,22887.822093963623,14879.773743511934
2026-03-09,22959.717845916748,15010.119988965815
2026-03-10,22880.432567596436,14985.998492338567
2026-03-11,22829.206981658936,14967.18904788458
2026-03-12,22897.606594085693,14739.912787020725
2026-03-13,23021.632595062256,14656.48287966457
2026-03-16,22946.798961639404,14805.639927458986
2026-03-17,22829.760234832764,14844.586829410277
2026-03-18,22692.41505050659,14637.450741816816
2026-03-19,22476.335117340088,14601.378485686282
2026-03-20,22482.17525100708,14392.057558638126
2026-03-23,22596.055072784424,14543.174036720377
2026-03-24,22416.47513961792,14494.355299569803
2026-03-25,22515.755184173584,14575.127822952778
2026-03-26,22591.67525100708,14314.83455068994
2026-03-27,22599.705295562744,14070.73950705052
2026-03-30,22566.12536239624,14023.695527617343
2026-03-31,22798.265384674072,14431.334427020423
2026-04-01,22754.465496063232,14540.067192300025
2026-04-02,22981.495540618896,14553.15993438964
2026-04-06,23001.205295562744,14621.950466878738
2026-04-07,22993.17525100708,14628.384133340114
2026-04-08,23034.785228729248,15000.963759976989
2026-04-09,23228.965496063232,15087.504585413135
2026-04-10,23299.045429229736,15077.520045630421
2026-04-13,23309.995540618896,15224.864314884115
2026-04-14,23537.755184173584,15410.377417097463
2026-04-15,23537.755184173584,15531.980231072912
2026-04-16,23537.755184173584,15570.14770614602
2026-04-17,23537.755184173584,15758.323623878734
2026-04-20,23537.755184173584,15726.811150774223
2026-04-21,23537.755184173584,15623.84940332089
2026-04-22,23537.755184173584,15782.067628045817
2026-04-23,23537.755184173584,15720.821513213832
2026-04-24,23942.89280319214,15842.647020583048
2026-04-27,24163.843883514404,15869.940540184922
2026-04-28,24111.789134979248,15792.717532236737
2026-04-29,24273.411449432373,15790.277410111137
2026-04-30,24694.59278488159,15947.384883640327
2026-05-01,24746.10242843628,15991.54471204692
2026-05-04,24674.368236541748,15932.961412734301
2026-05-05,24916.729320526123,16060.779273437005
2026-05-06,24613.514232635498,16284.014463935926
2026-05-07,24594.07050704956,16234.086333476162
2026-05-08,24864.98426437378,16368.116525133022
2026-05-11,24715.608531951904,16405.395942404157
2026-05-12,24842.858715057373,16380.542544927885
2026-05-13,24943.349864959717,16472.189023782095
2026-05-14,25462.906200408936,16602.225671103177
2026-05-15,25563.00556564331,16402.511791377572
2026-05-18,25957.94569015503,16390.97247149813
2026-05-19,25684.784938812256,16281.795677317545
2026-05-20,26231.42371749878,16448.667713008777
2026-05-21,26098.625728607178,16481.286863649384
2026-05-22,26146.006999969482,16546.08385180271
2026-05-26,26472.27494430542,16655.927368278048
2026-05-27,26317.95528793335,16653.041859364912
2026-05-28,26781.814540863037,16744.909673726343
2026-05-29,27556.742259979248,16786.62802212079
2026-06-01,28452.97954940796,16832.33991485101
2026-06-02,28768.83877182007,16855.19721910267
2026-06-03,28502.838710784912,16736.92122716824
2026-06-04,28640.11883163452,16800.164793111388
2026-06-05,28192.638912200928,16366.563102922844
2026-06-08,28408.188747406006,16403.619826800215
2026-06-09,28274.80895614624,16355.467811944392
2026-06-10,28066.818813323975,16097.614661807154
2026-06-11,28391.268978118896,16371.223369553374
2026-06-12,28599.348934173584,16459.76300398723
2026-06-15,28920.55895614624,16750.013969257856
2026-06-16,28560.828945159912,16650.157708338327
2026-06-17,28607.538692474365,16442.232688660853
2026-06-18,28831.548824310303,16613.1824576538
2026-06-22,28959.888912200928,16560.901109807466
2026-06-23,28673.868648529053,16320.404465518543
2026-06-24,28672.87878036499,16312.839679563218
2026-06-25,28788.348934173584,16336.422095231164
2026-06-26,28689.43902206421,16218.287323497665
2026-06-29,28850.62878036499,16485.48137519417
2026-06-30,29223.408626556396,16613.8505378351
2026-07-01,28903.168880462646,16591.380231249437
2026-07-02,28718.688899993896,16569.578004845076
2026-07-06,28718.688899993896,16714.187490592394
2026-07-07,28467.108882904053,16634.763348550943
2026-07-08,28476.208797454834,16583.37141639313
2026-07-09,28681.37878036499,16723.753801318522
2026-07-10,28759.569087982178,16795.835850798416
2026-07-13,28595.069087982178,16667.243994763718
2026-07-14,28691.249019622803,16726.423406270627
2026-07-15,28558.319087982178,16792.72085905878
2026-07-16,27739.158199310303,16701.727523633846
2026-07-17,27528.47838973999,16536.427920564453
